"","X","area","river","site","year","escapement","returns","recruits","survival","streamID","popID"
"1",69,12,"AHNUHATI RIVER",2,1950,NA,NA,NA,NA,852,2
"2",70,12,"AHNUHATI RIVER",2,1951,NA,NA,9307.97413793103,NA,852,2
"3",71,12,"AHNUHATI RIVER",2,1952,NA,NA,13498.6918604651,NA,852,2
"4",72,12,"AHNUHATI RIVER",2,1953,35000,NA,4692.05426356589,-2.00947756564019,852,2
"5",73,12,"AHNUHATI RIVER",2,1954,7500,8620.68965517241,21591.8252149536,1.05741176024227,852,2
"6",74,12,"AHNUHATI RIVER",2,1955,7500,8522.72727272727,21529.2510094648,1.05450950200152,852,2
"7",75,12,"AHNUHATI RIVER",2,1956,15000,16666.6666666667,7830.97086025784,-0.649963706415822,852,2
"8",76,12,"AHNUHATI RIVER",2,1957,1500,1744.18604651163,10671.0276595782,1.96206726555535,852,2
"9",77,12,"AHNUHATI RIVER",2,1958,35000,37234.0425531915,2517.04250820726,-2.63226345703734,852,2
"10",78,12,"AHNUHATI RIVER",2,1959,7500,8152.17391304348,11583.2982415098,0.434661233285891,852,2
"11",79,12,"AHNUHATI RIVER",2,1960,7500,8241.75824175824,15451.6148988777,0.722810501538422,852,2
"12",80,12,"AHNUHATI RIVER",2,1961,7500,8426.96629213483,4313.90691281499,-0.553059050736945,852,2
"13",81,12,"AHNUHATI RIVER",2,1962,7500,8152.17391304348,1013.50466708134,-2.00148872872796,852,2
"14",82,12,"AHNUHATI RIVER",2,1963,7500,7731.9587628866,2862.57122200159,-0.963182770922843,852,2
"15",83,12,"AHNUHATI RIVER",2,1964,15000,16666.6666666667,7891.51659323459,-0.642261867575777,852,2
"16",84,12,"AHNUHATI RIVER",2,1965,750,789.473684210526,2002.57852328667,0.982117684270916,852,2
"17",85,12,"AHNUHATI RIVER",2,1966,750,757.575757575758,4730.72225129415,1.84175995913266,852,2
"18",86,12,"AHNUHATI RIVER",2,1967,7500,7575.75757575758,1174.49553407895,-1.85406429783458,852,2
"19",87,12,"AHNUHATI RIVER",2,1968,3500,3684.21052631579,4289.15345375702,0.203326414845838,852,2
"20",88,12,"AHNUHATI RIVER",2,1969,2500,2659.57446808511,4150.27598089479,0.506884101577763,852,2
"21",89,12,"AHNUHATI RIVER",2,1970,3500,3684.21052631579,824.835718760893,-1.44533400974627,852,2
"22",90,12,"AHNUHATI RIVER",2,1971,1500,1685.39325842697,1313.7775889746,-0.132558464948683,852,2
"23",91,12,"AHNUHATI RIVER",2,1972,3000,3125,3394.66033483241,0.123591418687103,852,2
"24",92,12,"AHNUHATI RIVER",2,1973,4000,4494.38202247191,4673.56752296411,0.15562834246676,852,2
"25",93,12,"AHNUHATI RIVER",2,1974,1000,1162.79069767442,10691.0864171856,2.36941034917011,852,2
"26",94,12,"AHNUHATI RIVER",2,1975,2500,2577.31958762887,2802.66495347724,0.114280001760994,852,2
"27",95,12,"AHNUHATI RIVER",2,1976,2000,2173.91304347826,9824.65487757006,1.59174784961353,852,2
"28",96,12,"AHNUHATI RIVER",2,1977,5000,5555.55555555556,6323.17437407378,0.234783444005875,852,2
"29",97,12,"AHNUHATI RIVER",2,1978,10500,10714.2857142857,5611.34834766156,-0.62658421933088,852,2
"30",98,12,"AHNUHATI RIVER",2,1979,2300,2527.47252747253,5542.45745185703,0.879528862837766,852,2
"31",99,12,"AHNUHATI RIVER",2,1980,12000,12244.8979591837,1788.47276057343,-1.90354460050663,852,2
"32",100,12,"AHNUHATI RIVER",2,1981,3000,3191.48936170213,6567.95888326139,0.783590823301246,852,2
"33",101,12,"AHNUHATI RIVER",2,1982,4000,4040.40404040404,42830.3228254972,2.37095196784758,852,2
"34",102,12,"AHNUHATI RIVER",2,1983,7700,8461.53846153846,13756.505902701,0.580291539909748,852,2
"35",103,12,"AHNUHATI RIVER",2,1984,500,505.050505050505,17676.6709402051,3.5653929248024,852,2
"36",104,12,"AHNUHATI RIVER",2,1985,3000,3000,NA,NA,852,2
"37",105,12,"AHNUHATI RIVER",2,1986,50000,51020.4081632653,NA,NA,852,2
"38",106,12,"AHNUHATI RIVER",2,1987,6500,6914.89361702128,NA,NA,852,2
"39",107,12,"AHNUHATI RIVER",2,1988,20000,20202.0202020202,8373.29776675188,-0.870684468232413,852,2
"40",108,12,"AHNUHATI RIVER",2,1989,3500,3763.44086021505,6850.85390643406,0.671610333883205,852,2
"41",109,12,"AHNUHATI RIVER",2,1990,NA,NA,4012.71892950311,NA,852,2
"42",110,12,"AHNUHATI RIVER",2,1991,1030,1107.52688172043,9421.02921807586,2.21338553919751,852,2
"43",111,12,"AHNUHATI RIVER",2,1992,6500,6701.03092783505,3464.8742679147,-0.629125831234193,852,2
"44",112,12,"AHNUHATI RIVER",2,1993,8500,9340.65934065934,579.269065174258,-2.68605436615684,852,2
"45",113,12,"AHNUHATI RIVER",2,1994,250,271.739130434783,2143.00878682922,2.14850517784988,852,2
"46",114,12,"AHNUHATI RIVER",2,1995,15000,16304.347826087,1593.27228853706,-2.24226025663455,852,2
"47",115,12,"AHNUHATI RIVER",2,1996,200,212.765957446809,1582.07136680182,2.06817289252048,852,2
"48",116,12,"AHNUHATI RIVER",2,1997,500,526.315789473684,10225.2105346814,3.01800347246573,852,2
"49",117,12,"AHNUHATI RIVER",2,1998,2000,2040.81632653061,17569.8325566985,2.17303619152527,852,2
"50",118,12,"AHNUHATI RIVER",2,1999,1800,1894.73684210526,12509.1915148193,1.93867703037551,852,2
"51",119,12,"AHNUHATI RIVER",2,2000,1200,1224.48979591837,11285.6422768212,2.24120976606256,852,2
"52",120,12,"AHNUHATI RIVER",2,2001,10100,10860.2150537634,19581.5916325051,0.662054498639099,852,2
"53",121,12,"AHNUHATI RIVER",2,2002,20632,21053.0612244898,83510.0405685927,1.39812360237921,852,2
"54",122,12,"AHNUHATI RIVER",2,2003,5818,5997.9381443299,44133.8879736756,2.02627136206218,852,2
"55",123,12,"AHNUHATI RIVER",2,2004,13383,13940.625,6864.03309878462,-0.667690060556196,852,2
"56",124,12,"AHNUHATI RIVER",2,2005,16816,18081.7204301075,16122.9302272161,-0.0420883176934547,852,2
"57",125,12,"AHNUHATI RIVER",2,2006,93853,98792.6315789474,6253.38794946967,-2.70860633962911,852,2
"58",126,12,"AHNUHATI RIVER",2,2007,28451,30267.0212765957,27049.7423236388,-0.0505058300207082,852,2
"59",127,12,"AHNUHATI RIVER",2,2008,10781,10889.898989899,17192.2500993199,0.466673381101794,852,2
"60",128,12,"AHNUHATI RIVER",2,2009,10510,10724.4897959184,18653.8861078412,0.573727309888501,852,2
"61",129,12,"AHNUHATI RIVER",2,2010,9629,9926.80412371134,NA,NA,852,2
"62",130,12,"AHNUHATI RIVER",2,2011,15201,15354.5454545455,NA,NA,852,2
"63",131,12,"AHNUHATI RIVER",2,2012,28250,29736.8421052632,NA,NA,852,2
"64",132,12,"AHNUHATI RIVER",2,2013,10602,10818.3673469388,NA,NA,852,2
"65",133,12,"AHNUHATI RIVER",2,2014,27621,28771.875,NA,NA,852,2
"66",134,12,"AHNUHATI RIVER",2,2015,NA,NA,NA,NA,852,2
"67",135,12,"AHNUHATI RIVER",2,2016,NA,NA,NA,NA,852,2
"68",136,12,"AHNUHATI RIVER",2,2017,NA,NA,NA,NA,852,2
"69",137,12,"AHTA RIVER",3,1950,NA,NA,NA,NA,861,3
"70",138,12,"AHTA RIVER",3,1951,NA,NA,5158.0316091954,NA,861,3
"71",139,12,"AHTA RIVER",3,1952,NA,NA,3888.45930232558,NA,861,3
"72",140,12,"AHTA RIVER",3,1953,7500,NA,6856.38242894057,-0.0897230606185793,861,3
"73",141,12,"AHTA RIVER",3,1954,15000,17241.3793103448,25910.870679532,0.54661239690304,861,3
"74",142,12,"AHTA RIVER",3,1955,1500,1704.54545454545,19589.9947727487,2.56955385701562,861,3
"75",143,12,"AHTA RIVER",3,1956,3500,3888.88888888889,3180.56329015257,-0.0957046521217784,861,3
"76",144,12,"AHTA RIVER",3,1957,7500,8720.93023255814,16297.2067080719,0.776090704982393,861,3
"77",145,12,"AHTA RIVER",3,1958,40000,42553.1914893617,3445.75781127108,-2.45173559959495,861,3
"78",146,12,"AHTA RIVER",3,1959,1500,1630.4347826087,11250.206673984,2.01492139139432,861,3
"79",147,12,"AHTA RIVER",3,1960,3500,3846.15384615385,15258.1979202391,1.47235395866012,861,3
"80",148,12,"AHTA RIVER",3,1961,15000,16853.9325842697,4056.68402351834,-1.30768430418061,861,3
"81",149,12,"AHTA RIVER",3,1962,7500,8152.17391304348,6465.75563364593,-0.148383134460767,861,3
"82",150,12,"AHTA RIVER",3,1963,7000,7216.49484536082,3981.52943628389,-0.564244123102458,861,3
"83",151,12,"AHTA RIVER",3,1964,15000,16666.6666666667,18587.3299714429,0.214429963174458,861,3
"84",152,12,"AHTA RIVER",3,1965,200,210.526315789474,13595.4703452408,4.21917458684841,861,3
"85",153,12,"AHTA RIVER",3,1966,7500,7575.75757575758,24017.6463417784,1.16388580387212,861,3
"86",154,12,"AHTA RIVER",3,1967,7500,7575.75757575758,1933.80695855263,-1.35541244309864,861,3
"87",155,12,"AHTA RIVER",3,1968,15000,15789.4736842105,29383.8458479003,0.672394861277664,861,3
"88",156,12,"AHTA RIVER",3,1969,20000,21276.5957446809,32054.0677939081,0.471691822005739,861,3
"89",157,12,"AHTA RIVER",3,1970,15000,15789.4736842105,7130.3474489781,-0.743690237291338,861,3
"90",158,12,"AHTA RIVER",3,1971,200,224.719101123595,3005.59143968994,2.70991227958747,861,3
"91",159,12,"AHTA RIVER",3,1972,25000,26041.6666666667,10666.7002223629,-0.851749064895009,861,3
"92",160,12,"AHTA RIVER",3,1973,30000,33707.8651685393,4417.89550146702,-1.91553392984867,861,3
"93",161,12,"AHTA RIVER",3,1974,10000,11627.9069767442,9822.97960166928,-0.0178605948921607,861,3
"94",162,12,"AHTA RIVER",3,1975,1000,1030.92783505155,7458.70859968603,2.00938228926875,861,3
"95",163,12,"AHTA RIVER",3,1976,11000,11956.5217391304,15672.6398969024,0.35402123759368,861,3
"96",164,12,"AHTA RIVER",3,1977,3000,3333.33333333333,5596.52748757826,0.62353402523286,861,3
"97",165,12,"AHTA RIVER",3,1978,8000,8163.26530612245,9989.75134455661,0.222118160236081,861,3
"98",166,12,"AHTA RIVER",3,1979,12000,13186.8131868132,2826.75431898657,-1.44577748005763,861,3
"99",167,12,"AHTA RIVER",3,1980,15000,15306.1224489796,287.919601511888,-3.95312420033826,861,3
"100",168,12,"AHTA RIVER",3,1981,200,212.765957446809,538.2866661369,0.990073888392375,861,3
"101",169,12,"AHTA RIVER",3,1982,13500,13636.3636363636,1178.57978141044,-2.43837954692088,861,3
"102",170,12,"AHTA RIVER",3,1983,250,274.725274725275,1060.28428875622,1.44483143022532,861,3
"103",171,12,"AHTA RIVER",3,1984,500,505.050505050505,2579.47576914446,1.64073336859345,861,3
"104",172,12,"AHTA RIVER",3,1985,300,300,484.96691512219,0.480298197711541,861,3
"105",173,12,"AHTA RIVER",3,1986,1200,1224.48979591837,681.95769655914,-0.565109208362137,861,3
"106",174,12,"AHTA RIVER",3,1987,625,664.893617021277,808.951884201308,0.257987789906012,861,3
"107",175,12,"AHTA RIVER",3,1988,3000,3030.30303030303,3032.07176417226,0.0106338477541608,861,3
"108",176,12,"AHTA RIVER",3,1989,400,430.10752688172,1603.99546929842,1.38878841668757,861,3
"109",177,12,"AHTA RIVER",3,1990,100,107.52688172043,482.070545590062,1.57292027749826,861,3
"110",178,12,"AHTA RIVER",3,1991,1200,1290.32258064516,572.036463170675,-0.740874099626155,861,3
"111",179,12,"AHTA RIVER",3,1992,2600,2680.41237113402,609.669393219056,-1.45034989209498,861,3
"112",180,12,"AHTA RIVER",3,1993,1850,2032.96703296703,2320.944041067,0.226788378073849,861,3
"113",181,12,"AHTA RIVER",3,1994,300,326.086956521739,4720.89168748357,2.7559705029206,861,3
"114",182,12,"AHTA RIVER",3,1995,800,869.565217391304,1792.36075227497,0.80667715825972,861,3
"115",183,12,"AHTA RIVER",3,1996,450,478.723404255319,8854.83757481124,2.97947162451881,861,3
"116",184,12,"AHTA RIVER",3,1997,2280,2400,6996.79528076607,1.12127678422533,861,3
"117",185,12,"AHTA RIVER",3,1998,5000,5102.04081632653,8460.9551760177,0.526024159777377,861,3
"118",186,12,"AHTA RIVER",3,1999,800,842.105263157895,4049.63852597958,1.62177117560484,861,3
"119",187,12,"AHTA RIVER",3,2000,10000,10204.0816326531,1216.28336160404,-2.10678530896189,861,3
"120",188,12,"AHTA RIVER",3,2001,6500,6989.24731182796,1355.07795956254,-1.56794318949249,861,3
"121",189,12,"AHTA RIVER",3,2002,9260,9448.97959183673,12458.8814249556,0.296729687393314,861,3
"122",190,12,"AHTA RIVER",3,2003,2076,2140.20618556701,3482.3318431157,0.517259173946999,861,3
"123",191,12,"AHTA RIVER",3,2004,1451,1511.45833333333,465.700059177611,-1.13646647582348,861,3
"124",192,12,"AHTA RIVER",3,2005,599,644.086021505376,1422.84443129564,0.86515166953961,861,3
"125",193,12,"AHTA RIVER",3,2006,14739,15514.7368421053,88.0473009184397,-5.12037814032873,861,3
"126",194,12,"AHTA RIVER",3,2007,853,907.446808510638,750.582842363276,-0.127909519614135,861,3
"127",195,12,"AHTA RIVER",3,2008,776,783.838383838384,667.820240401209,-0.150133484056592,861,3
"128",196,12,"AHTA RIVER",3,2009,1187,1211.22448979592,512.75902110294,-0.839378404242094,861,3
"129",197,12,"AHTA RIVER",3,2010,63,64.9484536082474,293.514719652156,1.53879306375586,861,3
"130",198,12,"AHTA RIVER",3,2011,354,357.575757575758,1258.05942280838,1.26802875894774,861,3
"131",199,12,"AHTA RIVER",3,2012,1106,1164.21052631579,1266.17312158002,0.135249158176486,861,3
"132",200,12,"AHTA RIVER",3,2013,407,415.30612244898,NA,NA,861,3
"133",201,12,"AHTA RIVER",3,2014,102,106.25,NA,NA,861,3
"134",202,12,"AHTA RIVER",3,2015,1813,1904.50975997935,NA,NA,861,3
"135",203,12,"AHTA RIVER",3,2016,720,771.783197932924,NA,NA,861,3
"136",204,12,"AHTA RIVER",3,2017,659,708.391178188214,NA,NA,861,3
"137",205,12,"AHTA RIVER",4,1950,NA,NA,NA,NA,861,3
"138",206,12,"AHTA RIVER",4,1951,NA,NA,NA,NA,861,3
"139",207,12,"AHTA RIVER",4,1952,NA,NA,NA,NA,861,3
"140",208,12,"AHTA RIVER",4,1953,NA,NA,NA,NA,861,3
"141",209,12,"AHTA RIVER",4,1954,NA,NA,NA,NA,861,3
"142",210,12,"AHTA RIVER",4,1955,NA,NA,NA,NA,861,3
"143",211,12,"AHTA RIVER",4,1956,NA,NA,NA,NA,861,3
"144",212,12,"AHTA RIVER",4,1957,NA,NA,NA,NA,861,3
"145",213,12,"AHTA RIVER",4,1958,NA,NA,NA,NA,861,3
"146",214,12,"AHTA RIVER",4,1959,NA,NA,NA,NA,861,3
"147",215,12,"AHTA RIVER",4,1960,NA,NA,NA,NA,861,3
"148",216,12,"AHTA RIVER",4,1961,NA,NA,NA,NA,861,3
"149",217,12,"AHTA RIVER",4,1962,NA,NA,NA,NA,861,3
"150",218,12,"AHTA RIVER",4,1963,NA,NA,NA,NA,861,3
"151",219,12,"AHTA RIVER",4,1964,NA,NA,NA,NA,861,3
"152",220,12,"AHTA RIVER",4,1965,NA,NA,NA,NA,861,3
"153",221,12,"AHTA RIVER",4,1966,NA,NA,NA,NA,861,3
"154",222,12,"AHTA RIVER",4,1967,NA,NA,NA,NA,861,3
"155",223,12,"AHTA RIVER",4,1968,NA,NA,NA,NA,861,3
"156",224,12,"AHTA RIVER",4,1969,NA,NA,NA,NA,861,3
"157",225,12,"AHTA RIVER",4,1970,NA,NA,NA,NA,861,3
"158",226,12,"AHTA RIVER",4,1971,NA,NA,NA,NA,861,3
"159",227,12,"AHTA RIVER",4,1972,NA,NA,NA,NA,861,3
"160",228,12,"AHTA RIVER",4,1973,NA,NA,NA,NA,861,3
"161",229,12,"AHTA RIVER",4,1974,NA,NA,NA,NA,861,3
"162",230,12,"AHTA RIVER",4,1975,NA,NA,NA,NA,861,3
"163",231,12,"AHTA RIVER",4,1976,NA,NA,NA,NA,861,3
"164",232,12,"AHTA RIVER",4,1977,NA,NA,NA,NA,861,3
"165",233,12,"AHTA RIVER",4,1978,NA,NA,NA,NA,861,3
"166",234,12,"AHTA RIVER",4,1979,NA,NA,NA,NA,861,3
"167",235,12,"AHTA RIVER",4,1980,NA,NA,NA,NA,861,3
"168",236,12,"AHTA RIVER",4,1981,NA,NA,NA,NA,861,3
"169",237,12,"AHTA RIVER",4,1982,NA,NA,NA,NA,861,3
"170",238,12,"AHTA RIVER",4,1983,NA,NA,NA,NA,861,3
"171",239,12,"AHTA RIVER",4,1984,NA,NA,NA,NA,861,3
"172",240,12,"AHTA RIVER",4,1985,NA,NA,NA,NA,861,3
"173",241,12,"AHTA RIVER",4,1986,NA,NA,NA,NA,861,3
"174",242,12,"AHTA RIVER",4,1987,NA,NA,NA,NA,861,3
"175",243,12,"AHTA RIVER",4,1988,NA,NA,NA,NA,861,3
"176",244,12,"AHTA RIVER",4,1989,NA,NA,NA,NA,861,3
"177",245,12,"AHTA RIVER",4,1990,NA,NA,NA,NA,861,3
"178",246,12,"AHTA RIVER",4,1991,NA,NA,NA,NA,861,3
"179",247,12,"AHTA RIVER",4,1992,NA,NA,NA,NA,861,3
"180",248,12,"AHTA RIVER",4,1993,NA,NA,NA,NA,861,3
"181",249,12,"AHTA RIVER",4,1994,NA,NA,NA,NA,861,3
"182",250,12,"AHTA RIVER",4,1995,1000,1086.95652173913,NA,NA,861,3
"183",251,12,"AHTA RIVER",4,1996,350,372.340425531915,NA,NA,861,3
"184",252,12,"AHTA RIVER",4,1997,NA,NA,NA,NA,861,3
"185",253,12,"AHTA RIVER",4,1998,NA,NA,NA,NA,861,3
"186",254,12,"AHTA RIVER",4,1999,NA,NA,NA,NA,861,3
"187",255,12,"AHTA RIVER",4,2000,NA,NA,NA,NA,861,3
"188",256,12,"AHTA RIVER",4,2001,NA,NA,NA,NA,861,3
"189",257,12,"AHTA RIVER",4,2002,NA,NA,NA,NA,861,3
"190",258,12,"AHTA RIVER",4,2003,NA,NA,NA,NA,861,3
"191",259,12,"AHTA RIVER",4,2004,NA,NA,NA,NA,861,3
"192",260,12,"AHTA RIVER",4,2005,NA,NA,NA,NA,861,3
"193",261,12,"AHTA RIVER",4,2006,NA,NA,NA,NA,861,3
"194",262,12,"AHTA RIVER",4,2007,NA,NA,NA,NA,861,3
"195",263,12,"AHTA RIVER",4,2008,NA,NA,NA,NA,861,3
"196",264,12,"AHTA RIVER",4,2009,NA,NA,NA,NA,861,3
"197",265,12,"AHTA RIVER",4,2010,NA,NA,NA,NA,861,3
"198",266,12,"AHTA RIVER",4,2011,NA,NA,NA,NA,861,3
"199",267,12,"AHTA RIVER",4,2012,NA,NA,NA,NA,861,3
"200",268,12,"AHTA RIVER",4,2013,NA,NA,NA,NA,861,3
"201",269,12,"AHTA RIVER",4,2014,NA,NA,NA,NA,861,3
"202",270,12,"AHTA RIVER",4,2015,NA,NA,NA,NA,861,3
"203",271,12,"AHTA RIVER",4,2016,NA,NA,NA,NA,861,3
"204",272,12,"AHTA RIVER",4,2017,NA,NA,NA,NA,861,3
"205",3265,12,"NIMPKISH RIVER",49,1950,NA,NA,NA,NA,1112,43
"206",3266,12,"NIMPKISH RIVER",49,1951,NA,NA,71203.8793103448,NA,1112,43
"207",3267,12,"NIMPKISH RIVER",49,1952,NA,NA,48111.3372093023,NA,1112,43
"208",3268,12,"NIMPKISH RIVER",49,1953,75000,NA,32302.1963824289,-0.842352886163554,1112,43
"209",3269,12,"NIMPKISH RIVER",49,1954,35000,40229.8850574713,28699.949948586,-0.198452682677065,1112,43
"210",3270,12,"NIMPKISH RIVER",49,1955,75000,85227.2727272727,27074.7857221679,-1.0188852349126,1112,43
"211",3271,12,"NIMPKISH RIVER",49,1956,35000,38888.8888888889,29327.065811638,-0.176837224021384,1112,43
"212",3272,12,"NIMPKISH RIVER",49,1957,30000,34883.7209302326,49438.2640345534,0.499527318301106,1112,43
"213",3273,12,"NIMPKISH RIVER",49,1958,35000,37234.0425531915,7517.68643214485,-1.53808962616315,1112,43
"214",3274,12,"NIMPKISH RIVER",49,1959,15000,16304.347826087,23050.7327163529,0.429647355963324,1112,43
"215",3275,12,"NIMPKISH RIVER",49,1960,35000,38461.5384615385,18502.104376352,-0.637463585801104,1112,43
"216",3276,12,"NIMPKISH RIVER",49,1961,35000,39325.8426966292,14113.915267916,-0.908186852335626,1112,43
"217",3277,12,"NIMPKISH RIVER",49,1962,15000,16304.347826087,35189.8903769803,0.852708635051107,1112,43
"218",3278,12,"NIMPKISH RIVER",49,1963,15000,15463.9175257732,11230.30177395,-0.289434560589129,1112,43
"219",3279,12,"NIMPKISH RIVER",49,1964,15000,16666.6666666667,57670.9955428297,1.34670416912676,1112,43
"220",3280,12,"NIMPKISH RIVER",49,1965,15000,15789.4736842105,13944.3753472284,-0.0729739750577044,1112,43
"221",3281,12,"NIMPKISH RIVER",49,1966,35000,35353.5353535354,21705.5678574898,-0.477779250560404,1112,43
"222",3282,12,"NIMPKISH RIVER",49,1967,15000,15151.5151515152,6013.42017526316,-0.914056533677511,1112,43
"223",3283,12,"NIMPKISH RIVER",49,1968,55000,57894.7368421053,27117.6063546348,-0.707149987315308,1112,43
"224",3284,12,"NIMPKISH RIVER",49,1969,7500,7978.72340425532,25661.616352098,1.23009332777976,1112,43
"225",3285,12,"NIMPKISH RIVER",49,1970,18000,18947.3684210526,4118.29327342916,-1.47493293438368,1112,43
"226",3286,12,"NIMPKISH RIVER",49,1971,7500,8426.96629213483,4632.72959805541,-0.481756780141815,1112,43
"227",3287,12,"NIMPKISH RIVER",49,1972,20000,20833.3333333333,10474.1890854251,-0.646818225021659,1112,43
"228",3288,12,"NIMPKISH RIVER",49,1973,25000,28089.8876404494,13704.4735944025,-0.601153505599206,1112,43
"229",3289,12,"NIMPKISH RIVER",49,1974,5000,5813.95348837209,19100.1302940999,1.34025724427584,1112,43
"230",3290,12,"NIMPKISH RIVER",49,1975,8000,8247.42268041237,5596.88824525118,-0.357230768871656,1112,43
"231",3291,12,"NIMPKISH RIVER",49,1976,6000,6521.73913043478,13250.5300548515,0.79227808654377,1112,43
"232",3292,12,"NIMPKISH RIVER",49,1977,15000,16666.6666666667,16965.2572503208,0.123117360609989,1112,43
"233",3293,12,"NIMPKISH RIVER",49,1978,16500,16836.7346938776,43939.6506905346,0.979456736326356,1112,43
"234",3294,12,"NIMPKISH RIVER",49,1979,6000,6593.40659340659,17154.2795776779,1.05048821131147,1112,43
"235",3295,12,"NIMPKISH RIVER",49,1980,14000,14285.7142857143,20785.3984488112,0.395193412922977,1112,43
"236",3296,12,"NIMPKISH RIVER",49,1981,10000,10638.2978723404,69378.1464561513,1.93698683236698,1112,43
"237",3297,12,"NIMPKISH RIVER",49,1982,55000,55555.5555555556,101514.72914581,0.612870717458289,1112,43
"238",3298,12,"NIMPKISH RIVER",49,1983,7500,8241.75824175824,36341.4226096297,1.57805518887003,1112,43
"239",3299,12,"NIMPKISH RIVER",49,1984,38000,38383.8383838384,88096.4742892912,0.840846352997143,1112,43
"240",3300,12,"NIMPKISH RIVER",49,1985,70000,70000,28497.0947168687,-0.898693099729958,1112,43
"241",3301,12,"NIMPKISH RIVER",49,1986,90000,91836.7346938776,116089.40541328,0.254550960232763,1112,43
"242",3302,12,"NIMPKISH RIVER",49,1987,15000,15957.4468085106,47904.3580268263,1.16115628094697,1112,43
"243",3303,12,"NIMPKISH RIVER",49,1988,1e+05,101010.101010101,134309.73838321,0.294978427073131,1112,43
"244",3304,12,"NIMPKISH RIVER",49,1989,24150,25967.7419354839,69260.7944524804,1.05359462939149,1112,43
"245",3305,12,"NIMPKISH RIVER",49,1990,80000,86021.5053763441,73292.4652370342,-0.0875688245569194,1112,43
"246",3306,12,"NIMPKISH RIVER",49,1991,75000,80645.1612903226,46461.6318829857,-0.478861262338541,1112,43
"247",3307,12,"NIMPKISH RIVER",49,1992,120000,123711.340206186,18757.7202384001,-1.85588632906176,1112,43
"248",3308,12,"NIMPKISH RIVER",49,1993,55000,60439.5604395604,68119.079766819,0.213924161469287,1112,43
"249",3309,12,"NIMPKISH RIVER",49,1994,81675,88777.1739130435,132968.410383802,0.487363626611988,1112,43
"250",3310,12,"NIMPKISH RIVER",49,1995,60000,65217.3913043478,19636.6002786466,-1.11694937618155,1112,43
"251",3311,12,"NIMPKISH RIVER",49,1996,3000,3191.48936170213,3594.54627399322,0.180805484245753,1112,43
"252",3312,12,"NIMPKISH RIVER",49,1997,70000,73684.2105263158,70596.5776017883,0.00848642537949341,1112,43
"253",3313,12,"NIMPKISH RIVER",49,1998,145000,147959.183673469,NA,NA,1112,43
"254",3314,12,"NIMPKISH RIVER",49,1999,2000,2105.26315789474,NA,NA,1112,43
"255",3315,12,"NIMPKISH RIVER",49,2000,1500,1530.61224489796,NA,NA,1112,43
"256",3316,12,"NIMPKISH RIVER",49,2001,65000,69892.4731182796,33696.2395640514,-0.657001024399919,1112,43
"257",3317,12,"NIMPKISH RIVER",49,2002,175055,178627.551020408,NA,NA,1112,43
"258",3318,12,"NIMPKISH RIVER",49,2003,NA,NA,NA,NA,1112,43
"259",3319,12,"NIMPKISH RIVER",49,2004,885,921.875,NA,NA,1112,43
"260",3320,12,"NIMPKISH RIVER",49,2005,40213,43239.7849462366,NA,NA,1112,43
"261",3321,12,"NIMPKISH RIVER",49,2006,42859,45114.7368421053,NA,NA,1112,43
"262",3322,12,"NIMPKISH RIVER",49,2007,NA,NA,NA,NA,1112,43
"263",3323,12,"NIMPKISH RIVER",49,2008,NA,NA,NA,NA,1112,43
"264",3324,12,"NIMPKISH RIVER",49,2009,NA,NA,NA,NA,1112,43
"265",3325,12,"NIMPKISH RIVER",49,2010,17577,18120.618556701,NA,NA,1112,43
"266",3326,12,"NIMPKISH RIVER",49,2011,NA,NA,NA,NA,1112,43
"267",3327,12,"NIMPKISH RIVER",49,2012,NA,NA,NA,NA,1112,43
"268",3328,12,"NIMPKISH RIVER",49,2013,NA,NA,NA,NA,1112,43
"269",3329,12,"NIMPKISH RIVER",49,2014,NA,NA,NA,NA,1112,43
"270",3330,12,"NIMPKISH RIVER",49,2015,14,14.7066390731996,NA,NA,1112,43
"271",3331,12,"NIMPKISH RIVER",49,2016,174,186.51427283379,NA,NA,1112,43
"272",3332,12,"NIMPKISH RIVER",49,2017,NA,NA,NA,NA,1112,43
"273",3537,12,"QUATSE RIVER",53,1950,NA,NA,NA,NA,1106,47
"274",3538,12,"QUATSE RIVER",53,1951,NA,NA,9883.0316091954,NA,1106,47
"275",3539,12,"QUATSE RIVER",53,1952,NA,NA,6150.66860465116,NA,1106,47
"276",3540,12,"QUATSE RIVER",53,1953,7500,NA,12899.9870801034,0.542323289282485,1106,47
"277",3541,12,"QUATSE RIVER",53,1954,15000,17241.3793103448,12846.7372322717,-0.154960333887529,1106,47
"278",3542,12,"QUATSE RIVER",53,1955,7500,8522.72727272727,12278.5572009542,0.492951403495056,1106,47
"279",3543,12,"QUATSE RIVER",53,1956,3500,3888.88888888889,7992.61654003312,0.825755214524178,1106,47
"280",3544,12,"QUATSE RIVER",53,1957,15000,17441.8604651163,17897.0382279954,0.17658503593097,1106,47
"281",3545,12,"QUATSE RIVER",53,1958,15000,15957.4468085106,2179.83945725943,-1.928798970472,1106,47
"282",3546,12,"QUATSE RIVER",53,1959,7500,8152.17391304348,2351.41877830196,-1.15988413911348,1106,47
"283",3547,12,"QUATSE RIVER",53,1960,7500,8241.75824175824,7094.2067221966,-0.0556245241873568,1106,47
"284",3548,12,"QUATSE RIVER",53,1961,15000,16853.9325842697,6817.06843799841,-0.788620669458708,1106,47
"285",3549,12,"QUATSE RIVER",53,1962,1500,1630.4347826087,4083.61538859117,1.00151761258593,1106,47
"286",3550,12,"QUATSE RIVER",53,1963,1500,1546.39175257732,420.325580414673,-1.2721907846551,1106,47
"287",3551,12,"QUATSE RIVER",53,1964,7500,8333.33333333333,6812.18632381514,-0.0961899058235913,1106,47
"288",3552,12,"QUATSE RIVER",53,1965,7500,7894.73684210526,1737.46227367021,-1.46247743531675,1106,47
"289",3553,12,"QUATSE RIVER",53,1966,1500,1515.15151515152,1087.58210280575,-0.321508130144332,1106,47
"290",3554,12,"QUATSE RIVER",53,1967,400,404.040404040404,155.488069802632,-0.944895539958425,1106,47
"291",3555,12,"QUATSE RIVER",53,1968,7500,7894.73684210526,2516.99697814958,-1.09183650496606,1106,47
"292",3556,12,"QUATSE RIVER",53,1969,750,797.872340425532,849.082307728938,0.12408292175916,1106,47
"293",3557,12,"QUATSE RIVER",53,1970,750,789.473684210526,268.802251868078,-1.02609722043104,1106,47
"294",3558,12,"QUATSE RIVER",53,1971,75,84.2696629213483,130.740307872111,0.555724859488022,1106,47
"295",3559,12,"QUATSE RIVER",53,1972,2500,2604.16666666667,92.313635647729,-3.29885414843071,1106,47
"296",3560,12,"QUATSE RIVER",53,1973,600,674.157303370787,21.8114667655427,-3.31449382529039,1106,47
"297",3561,12,"QUATSE RIVER",53,1974,400,465.116279069767,NA,NA,1106,47
"298",3562,12,"QUATSE RIVER",53,1975,80,82.4742268041237,NA,NA,1106,47
"299",3563,12,"QUATSE RIVER",53,1976,50,54.3478260869565,NA,NA,1106,47
"300",3564,12,"QUATSE RIVER",53,1977,15,16.6666666666667,NA,NA,1106,47
"301",3565,12,"QUATSE RIVER",53,1978,65,66.3265306122449,NA,NA,1106,47
"302",3566,12,"QUATSE RIVER",53,1979,NA,NA,NA,NA,1106,47
"303",3567,12,"QUATSE RIVER",53,1980,NA,NA,196.87150298042,NA,1106,47
"304",3568,12,"QUATSE RIVER",53,1981,NA,NA,379.233402600515,NA,1106,47
"305",3569,12,"QUATSE RIVER",53,1982,NA,NA,448.230915938233,NA,1106,47
"306",3570,12,"QUATSE RIVER",53,1983,200,219.78021978022,134.220112074123,-0.398836286815143,1106,47
"307",3571,12,"QUATSE RIVER",53,1984,325,328.282828282828,197.690373248264,-0.497123147075394,1106,47
"308",3572,12,"QUATSE RIVER",53,1985,300,300,103.097093193092,-1.06811127808417,1106,47
"309",3573,12,"QUATSE RIVER",53,1986,400,408.163265306122,302.500624696774,-0.279381204525915,1106,47
"310",3574,12,"QUATSE RIVER",53,1987,75,79.7872340425532,113.318709845361,0.412716176304372,1106,47
"311",3575,12,"QUATSE RIVER",53,1988,200,202.020202020202,301.988245380717,0.412070727488923,1106,47
"312",3576,12,"QUATSE RIVER",53,1989,112,120.430107526882,396.861518807562,1.26508852941602,1106,47
"313",3577,12,"QUATSE RIVER",53,1990,200,215.05376344086,76.1022820263975,-0.966239114923729,1106,47
"314",3578,12,"QUATSE RIVER",53,1991,200,215.05376344086,100.874283160268,-0.684442346201084,1106,47
"315",3579,12,"QUATSE RIVER",53,1992,150,154.639175257732,78.5684786640294,-0.646664709905846,1106,47
"316",3580,12,"QUATSE RIVER",53,1993,500,549.450549450549,199.354242479386,-0.919524743259269,1106,47
"317",3581,12,"QUATSE RIVER",53,1994,25,27.1739130434783,313.930747429646,2.5302965871283,1106,47
"318",3582,12,"QUATSE RIVER",53,1995,150,163.04347826087,NA,NA,1106,47
"319",3583,12,"QUATSE RIVER",53,1996,50,53.1914893617021,NA,NA,1106,47
"320",3584,12,"QUATSE RIVER",53,1997,200,210.526315789474,NA,NA,1106,47
"321",3585,12,"QUATSE RIVER",53,1998,300,306.122448979592,468.074003919425,0.444843936793487,1106,47
"322",3586,12,"QUATSE RIVER",53,1999,150,157.894736842105,656.918993254139,1.47692541884763,1106,47
"323",3587,12,"QUATSE RIVER",53,2000,NA,NA,326.542257299922,NA,1106,47
"324",3588,12,"QUATSE RIVER",53,2001,87,93.5483870967742,766.813953648758,2.17633608959802,1106,47
"325",3589,12,"QUATSE RIVER",53,2002,604,616.326530612245,875.824299673442,0.371591301735455,1106,47
"326",3590,12,"QUATSE RIVER",53,2003,543,559.79381443299,511.211268288541,-0.0603263742955909,1106,47
"327",3591,12,"QUATSE RIVER",53,2004,243,253.125,292.277249644652,0.184641393536319,1106,47
"328",3592,12,"QUATSE RIVER",53,2005,873,938.709677419355,534.580666103717,-0.490452917952027,1106,47
"329",3593,12,"QUATSE RIVER",53,2006,866,911.578947368421,163.26767000808,-1.66849390731642,1106,47
"330",3594,12,"QUATSE RIVER",53,2007,306,325.531914893617,696.320051363578,0.822224296599415,1106,47
"331",3595,12,"QUATSE RIVER",53,2008,561,566.666666666667,375.968569197224,-0.40021535818743,1106,47
"332",3596,12,"QUATSE RIVER",53,2009,277,282.65306122449,NA,NA,1106,47
"333",3597,12,"QUATSE RIVER",53,2010,250,257.731958762887,NA,NA,1106,47
"334",3598,12,"QUATSE RIVER",53,2011,437,441.414141414141,NA,NA,1106,47
"335",3599,12,"QUATSE RIVER",53,2012,600,631.578947368421,NA,NA,1106,47
"336",3600,12,"QUATSE RIVER",53,2013,300,306.122448979592,NA,NA,1106,47
"337",3601,12,"QUATSE RIVER",53,2014,NA,NA,NA,NA,1106,47
"338",3602,12,"QUATSE RIVER",53,2015,NA,NA,NA,NA,1106,47
"339",3603,12,"QUATSE RIVER",53,2016,NA,NA,NA,NA,1106,47
"340",3604,12,"QUATSE RIVER",53,2017,NA,NA,NA,NA,1106,47
"341",3877,12,"SHOAL HARBOUR CREEK",58,1950,NA,NA,NA,NA,866,52
"342",3878,12,"SHOAL HARBOUR CREEK",58,1951,NA,NA,6733.0316091954,NA,866,52
"343",3879,12,"SHOAL HARBOUR CREEK",58,1952,NA,NA,3693.69186046512,NA,866,52
"344",3880,12,"SHOAL HARBOUR CREEK",58,1953,7500,NA,2021.49870801034,-1.31106384956803,866,52
"345",3881,12,"SHOAL HARBOUR CREEK",58,1954,15000,17241.3793103448,4959.16368315433,-1.10681308684929,866,52
"346",3882,12,"SHOAL HARBOUR CREEK",58,1955,3500,3977.27272727273,5961.26070565804,0.532519018008015,866,52
"347",3883,12,"SHOAL HARBOUR CREEK",58,1956,3500,3888.88888888889,3654.45306812033,0.0431834741441233,866,52
"348",3884,12,"SHOAL HARBOUR CREEK",58,1957,1500,1744.18604651163,4979.81290780316,1.19992721350845,866,52
"349",3885,12,"SHOAL HARBOUR CREEK",58,1958,7500,7978.72340425532,1164.07892582318,-1.8629728678417,866,52
"350",3886,12,"SHOAL HARBOUR CREEK",58,1959,3500,3804.34782608696,4046.13803037925,0.14499988493749,866,52
"351",3887,12,"SHOAL HARBOUR CREEK",58,1960,3500,3846.15384615385,3521.10455357672,0.00601176552146259,866,52
"352",3888,12,"SHOAL HARBOUR CREEK",58,1961,3500,3932.58426966292,1153.58198355183,-1.1098910986556,866,52
"353",3889,12,"SHOAL HARBOUR CREEK",58,1962,3500,3804.34782608696,338.638939312068,-2.33558378346893,866,52
"354",3890,12,"SHOAL HARBOUR CREEK",58,1963,1500,1546.39175257732,577.695135009038,-0.954174105648845,866,52
"355",3891,12,"SHOAL HARBOUR CREEK",58,1964,3500,3888.88888888889,1131.26954803102,-1.12942247258525,866,52
"356",3892,12,"SHOAL HARBOUR CREEK",58,1965,400,421.052631578947,143.556534662934,-1.02473561971748,866,52
"357",3893,12,"SHOAL HARBOUR CREEK",58,1966,200,202.020202020202,212.273212450545,0.0595568163882396,866,52
"358",3894,12,"SHOAL HARBOUR CREEK",58,1967,1500,1515.15151515152,461.219953368421,-1.17934533560606,866,52
"359",3895,12,"SHOAL HARBOUR CREEK",58,1968,200,210.526315789474,3939.2630846559,2.98043158389954,866,52
"360",3896,12,"SHOAL HARBOUR CREEK",58,1969,200,212.765957446809,4150.27598089479,3.03261274588602,866,52
"361",3897,12,"SHOAL HARBOUR CREEK",58,1970,25,26.3157894736842,752.940603709347,3.40511052028448,866,52
"362",3898,12,"SHOAL HARBOUR CREEK",58,1971,750,842.696629213483,422.296076293064,-0.574366535912183,866,52
"363",3899,12,"SHOAL HARBOUR CREEK",58,1972,3000,3125,1056.28798888478,-1.04385142381754,866,52
"364",3900,12,"SHOAL HARBOUR CREEK",58,1973,4000,4494.38202247191,317.496647052105,-2.53358238229085,866,52
"365",3901,12,"SHOAL HARBOUR CREEK",58,1974,1000,1162.79069767442,535.18356378083,-0.625145481064151,866,52
"366",3902,12,"SHOAL HARBOUR CREEK",58,1975,400,412.371134020619,568.738580467033,0.351956344655884,866,52
"367",3903,12,"SHOAL HARBOUR CREEK",58,1976,900,978.260869565217,674.364213579612,-0.288624422131784,866,52
"368",3904,12,"SHOAL HARBOUR CREEK",58,1977,200,222.222222222222,374.810778129394,0.628103940418215,866,52
"369",3905,12,"SHOAL HARBOUR CREEK",58,1978,350,357.142857142857,300.084280675247,-0.153869783698114,866,52
"370",3906,12,"SHOAL HARBOUR CREEK",58,1979,1000,1098.9010989011,432.576610653236,-0.83799583383831,866,52
"371",3907,12,"SHOAL HARBOUR CREEK",58,1980,350,357.142857142857,2419.25146085734,1.93328030312461,866,52
"372",3908,12,"SHOAL HARBOUR CREEK",58,1981,300,319.148936170213,3658.66731210777,2.50107176305564,866,52
"373",3909,12,"SHOAL HARBOUR CREEK",58,1982,250,252.525252525253,1063.61131784238,1.44796438252031,866,52
"374",3910,12,"SHOAL HARBOUR CREEK",58,1983,250,274.725274725275,1266.1687361564,1.62228995886444,866,52
"375",3911,12,"SHOAL HARBOUR CREEK",58,1984,5000,5050.50505050505,2142.80685979514,-0.847321326091457,866,52
"376",3912,12,"SHOAL HARBOUR CREEK",58,1985,1900,1900,NA,NA,866,52
"377",3913,12,"SHOAL HARBOUR CREEK",58,1986,250,255.102040816327,NA,NA,866,52
"378",3914,12,"SHOAL HARBOUR CREEK",58,1987,1100,1170.21276595745,NA,NA,866,52
"379",3915,12,"SHOAL HARBOUR CREEK",58,1988,2500,2525.25252525253,157.927801237328,-2.76190803645883,866,52
"380",3916,12,"SHOAL HARBOUR CREEK",58,1989,50,53.7634408602151,56.2613035292531,0.117983967099476,866,52
"381",3917,12,"SHOAL HARBOUR CREEK",58,1990,NA,NA,30.8959974658385,NA,866,52
"382",3918,12,"SHOAL HARBOUR CREEK",58,1991,50,53.7634408602151,25.5079635368178,-0.673032306456394,866,52
"383",3919,12,"SHOAL HARBOUR CREEK",58,1992,150,154.639175257732,NA,NA,866,52
"384",3920,12,"SHOAL HARBOUR CREEK",58,1993,55,60.4395604395604,NA,NA,866,52
"385",3921,12,"SHOAL HARBOUR CREEK",58,1994,30,32.6086956521739,NA,NA,866,52
"386",3922,12,"SHOAL HARBOUR CREEK",58,1995,32,34.7826086956522,NA,NA,866,52
"387",3923,12,"SHOAL HARBOUR CREEK",58,1996,26,27.6595744680851,45.5850334467501,0.561482910737832,866,52
"388",3924,12,"SHOAL HARBOUR CREEK",58,1997,NA,NA,NA,NA,866,52
"389",3925,12,"SHOAL HARBOUR CREEK",58,1998,NA,NA,NA,NA,866,52
"390",3926,12,"SHOAL HARBOUR CREEK",58,1999,19,20,NA,NA,866,52
"391",3927,12,"SHOAL HARBOUR CREEK",58,2000,50,51.0204081632653,NA,NA,866,52
"392",3928,12,"SHOAL HARBOUR CREEK",58,2001,11,11.8279569892473,NA,NA,866,52
"393",3929,12,"SHOAL HARBOUR CREEK",58,2002,NA,NA,NA,NA,866,52
"394",3930,12,"SHOAL HARBOUR CREEK",58,2003,43,44.3298969072165,NA,NA,866,52
"395",3931,12,"SHOAL HARBOUR CREEK",58,2004,NA,NA,NA,NA,866,52
"396",3932,12,"SHOAL HARBOUR CREEK",58,2005,184,197.849462365591,136.533979689756,-0.29836223850717,866,52
"397",3933,12,"SHOAL HARBOUR CREEK",58,2006,199,209.473684210526,11.0456731921374,-2.89126603976524,866,52
"398",3934,12,"SHOAL HARBOUR CREEK",58,2007,NA,NA,284.666583649802,NA,866,52
"399",3935,12,"SHOAL HARBOUR CREEK",58,2008,30,30.3030303030303,75.0941396749055,0.917545140440056,866,52
"400",3936,12,"SHOAL HARBOUR CREEK",58,2009,134,136.734693877551,273.35838825271,0.712943911777542,866,52
"401",3937,12,"SHOAL HARBOUR CREEK",58,2010,2,2.06185567010309,112.573307814985,4.03045745389122,866,52
"402",3938,12,"SHOAL HARBOUR CREEK",58,2011,269,271.717171717172,182.147095462406,-0.389896802129981,866,52
"403",3939,12,"SHOAL HARBOUR CREEK",58,2012,63,66.3157894736842,389.473445432131,1.82166096055444,866,52
"404",3940,12,"SHOAL HARBOUR CREEK",58,2013,301,307.142857142857,NA,NA,866,52
"405",3941,12,"SHOAL HARBOUR CREEK",58,2014,89,92.7083333333333,NA,NA,866,52
"406",3942,12,"SHOAL HARBOUR CREEK",58,2015,236,247.911915805365,NA,NA,866,52
"407",3943,12,"SHOAL HARBOUR CREEK",58,2016,332,355.877807935737,NA,NA,866,52
"408",3944,12,"SHOAL HARBOUR CREEK",58,2017,29,31.1735116349897,NA,NA,866,52
"409",3945,12,"SHOAL HARBOUR CREEK",59,1950,NA,NA,NA,NA,866,52
"410",3946,12,"SHOAL HARBOUR CREEK",59,1951,NA,NA,NA,NA,866,52
"411",3947,12,"SHOAL HARBOUR CREEK",59,1952,NA,NA,NA,NA,866,52
"412",3948,12,"SHOAL HARBOUR CREEK",59,1953,NA,NA,NA,NA,866,52
"413",3949,12,"SHOAL HARBOUR CREEK",59,1954,NA,NA,NA,NA,866,52
"414",3950,12,"SHOAL HARBOUR CREEK",59,1955,NA,NA,NA,NA,866,52
"415",3951,12,"SHOAL HARBOUR CREEK",59,1956,NA,NA,NA,NA,866,52
"416",3952,12,"SHOAL HARBOUR CREEK",59,1957,NA,NA,NA,NA,866,52
"417",3953,12,"SHOAL HARBOUR CREEK",59,1958,NA,NA,NA,NA,866,52
"418",3954,12,"SHOAL HARBOUR CREEK",59,1959,NA,NA,NA,NA,866,52
"419",3955,12,"SHOAL HARBOUR CREEK",59,1960,NA,NA,NA,NA,866,52
"420",3956,12,"SHOAL HARBOUR CREEK",59,1961,NA,NA,NA,NA,866,52
"421",3957,12,"SHOAL HARBOUR CREEK",59,1962,NA,NA,NA,NA,866,52
"422",3958,12,"SHOAL HARBOUR CREEK",59,1963,NA,NA,NA,NA,866,52
"423",3959,12,"SHOAL HARBOUR CREEK",59,1964,NA,NA,NA,NA,866,52
"424",3960,12,"SHOAL HARBOUR CREEK",59,1965,NA,NA,NA,NA,866,52
"425",3961,12,"SHOAL HARBOUR CREEK",59,1966,NA,NA,NA,NA,866,52
"426",3962,12,"SHOAL HARBOUR CREEK",59,1967,NA,NA,NA,NA,866,52
"427",3963,12,"SHOAL HARBOUR CREEK",59,1968,NA,NA,NA,NA,866,52
"428",3964,12,"SHOAL HARBOUR CREEK",59,1969,NA,NA,NA,NA,866,52
"429",3965,12,"SHOAL HARBOUR CREEK",59,1970,NA,NA,NA,NA,866,52
"430",3966,12,"SHOAL HARBOUR CREEK",59,1971,NA,NA,NA,NA,866,52
"431",3967,12,"SHOAL HARBOUR CREEK",59,1972,NA,NA,NA,NA,866,52
"432",3968,12,"SHOAL HARBOUR CREEK",59,1973,NA,NA,NA,NA,866,52
"433",3969,12,"SHOAL HARBOUR CREEK",59,1974,NA,NA,NA,NA,866,52
"434",3970,12,"SHOAL HARBOUR CREEK",59,1975,NA,NA,NA,NA,866,52
"435",3971,12,"SHOAL HARBOUR CREEK",59,1976,NA,NA,NA,NA,866,52
"436",3972,12,"SHOAL HARBOUR CREEK",59,1977,NA,NA,NA,NA,866,52
"437",3973,12,"SHOAL HARBOUR CREEK",59,1978,NA,NA,NA,NA,866,52
"438",3974,12,"SHOAL HARBOUR CREEK",59,1979,NA,NA,NA,NA,866,52
"439",3975,12,"SHOAL HARBOUR CREEK",59,1980,NA,NA,NA,NA,866,52
"440",3976,12,"SHOAL HARBOUR CREEK",59,1981,NA,NA,NA,NA,866,52
"441",3977,12,"SHOAL HARBOUR CREEK",59,1982,NA,NA,NA,NA,866,52
"442",3978,12,"SHOAL HARBOUR CREEK",59,1983,NA,NA,NA,NA,866,52
"443",3979,12,"SHOAL HARBOUR CREEK",59,1984,NA,NA,NA,NA,866,52
"444",3980,12,"SHOAL HARBOUR CREEK",59,1985,NA,NA,NA,NA,866,52
"445",3981,12,"SHOAL HARBOUR CREEK",59,1986,NA,NA,NA,NA,866,52
"446",3982,12,"SHOAL HARBOUR CREEK",59,1987,NA,NA,NA,NA,866,52
"447",3983,12,"SHOAL HARBOUR CREEK",59,1988,NA,NA,NA,NA,866,52
"448",3984,12,"SHOAL HARBOUR CREEK",59,1989,NA,NA,NA,NA,866,52
"449",3985,12,"SHOAL HARBOUR CREEK",59,1990,NA,NA,NA,NA,866,52
"450",3986,12,"SHOAL HARBOUR CREEK",59,1991,NA,NA,NA,NA,866,52
"451",3987,12,"SHOAL HARBOUR CREEK",59,1992,NA,NA,NA,NA,866,52
"452",3988,12,"SHOAL HARBOUR CREEK",59,1993,NA,NA,NA,NA,866,52
"453",3989,12,"SHOAL HARBOUR CREEK",59,1994,NA,NA,NA,NA,866,52
"454",3990,12,"SHOAL HARBOUR CREEK",59,1995,NA,NA,NA,NA,866,52
"455",3991,12,"SHOAL HARBOUR CREEK",59,1996,20,21.2765957446809,NA,NA,866,52
"456",3992,12,"SHOAL HARBOUR CREEK",59,1997,NA,NA,NA,NA,866,52
"457",3993,12,"SHOAL HARBOUR CREEK",59,1998,NA,NA,NA,NA,866,52
"458",3994,12,"SHOAL HARBOUR CREEK",59,1999,NA,NA,NA,NA,866,52
"459",3995,12,"SHOAL HARBOUR CREEK",59,2000,NA,NA,NA,NA,866,52
"460",3996,12,"SHOAL HARBOUR CREEK",59,2001,NA,NA,NA,NA,866,52
"461",3997,12,"SHOAL HARBOUR CREEK",59,2002,NA,NA,NA,NA,866,52
"462",3998,12,"SHOAL HARBOUR CREEK",59,2003,NA,NA,NA,NA,866,52
"463",3999,12,"SHOAL HARBOUR CREEK",59,2004,NA,NA,NA,NA,866,52
"464",4000,12,"SHOAL HARBOUR CREEK",59,2005,NA,NA,NA,NA,866,52
"465",4001,12,"SHOAL HARBOUR CREEK",59,2006,NA,NA,NA,NA,866,52
"466",4002,12,"SHOAL HARBOUR CREEK",59,2007,NA,NA,NA,NA,866,52
"467",4003,12,"SHOAL HARBOUR CREEK",59,2008,NA,NA,NA,NA,866,52
"468",4004,12,"SHOAL HARBOUR CREEK",59,2009,NA,NA,NA,NA,866,52
"469",4005,12,"SHOAL HARBOUR CREEK",59,2010,NA,NA,NA,NA,866,52
"470",4006,12,"SHOAL HARBOUR CREEK",59,2011,NA,NA,NA,NA,866,52
"471",4007,12,"SHOAL HARBOUR CREEK",59,2012,NA,NA,NA,NA,866,52
"472",4008,12,"SHOAL HARBOUR CREEK",59,2013,NA,NA,NA,NA,866,52
"473",4009,12,"SHOAL HARBOUR CREEK",59,2014,NA,NA,NA,NA,866,52
"474",4010,12,"SHOAL HARBOUR CREEK",59,2015,NA,NA,NA,NA,866,52
"475",4011,12,"SHOAL HARBOUR CREEK",59,2016,NA,NA,NA,NA,866,52
"476",4012,12,"SHOAL HARBOUR CREEK",59,2017,NA,NA,NA,NA,866,52
"477",4557,12,"VINER SOUND CREEK",68,1950,NA,NA,NA,NA,868,61
"478",4558,12,"VINER SOUND CREEK",68,1951,NA,NA,49313.0747126437,NA,868,61
"479",4559,12,"VINER SOUND CREEK",68,1952,NA,NA,43634.5930232558,NA,868,61
"480",4560,12,"VINER SOUND CREEK",68,1953,75000,NA,68563.8242894057,-0.0897230606185793,868,61
"481",4561,12,"VINER SOUND CREEK",68,1954,75000,86206.8965517241,63687.8003325544,-0.163495086842337,868,61
"482",4562,12,"VINER SOUND CREEK",68,1955,35000,39772.7272727273,45294.3012705078,0.257833163318081,868,61
"483",4563,12,"VINER SOUND CREEK",68,1956,35000,38888.8888888889,11130.2210121875,-1.14568403905972,868,61
"484",4564,12,"VINER SOUND CREEK",68,1957,75000,87209.3023255814,38776.7958133398,-0.659666091855894,868,61
"485",4565,12,"VINER SOUND CREEK",68,1958,75000,79787.2340425532,19992.4040238078,-1.32213571093376,868,61
"486",4566,12,"VINER SOUND CREEK",68,1959,15000,16304.347826087,88297.3681352582,1.77266010012078,868,61
"487",4567,12,"VINER SOUND CREEK",68,1960,7500,8241.75824175824,42325.9130234177,1.73049647897298,868,61
"488",4568,12,"VINER SOUND CREEK",68,1961,35000,39325.8426966292,9556.77922223817,-1.29809729262967,868,61
"489",4569,12,"VINER SOUND CREEK",68,1962,75000,81521.7391304348,1190.50985873472,-4.14310644545428,868,61
"490",4570,12,"VINER SOUND CREEK",68,1963,35000,36082.4742268041,12958.6764756353,-0.993582499573847,868,61
"491",4571,12,"VINER SOUND CREEK",68,1964,35000,38888.8888888889,52399.5891184131,0.403550688555182,868,61
"492",4572,12,"VINER SOUND CREEK",68,1965,1000,1052.63157894737,33031.2700052072,3.4974546887152,868,61
"493",4573,12,"VINER SOUND CREEK",68,1966,400,404.040404040404,53750.2648856701,4.90063932697527,868,61
"494",4574,12,"VINER SOUND CREEK",68,1967,35000,35353.5353535354,7426.81669835526,-1.55025073354909,868,61
"495",4575,12,"VINER SOUND CREEK",68,1968,32500,34210.5263157895,50228.7552758954,0.43534758762739,868,61
"496",4576,12,"VINER SOUND CREEK",68,1969,50000,53191.4893617021,69107.5433640396,0.323640885292374,868,61
"497",4577,12,"VINER SOUND CREEK",68,1970,30000,31578.9473684211,26811.7536486635,-0.11235702130863,868,61
"498",4578,12,"VINER SOUND CREEK",68,1971,7500,8426.96629213483,13027.9387072246,0.552193162164967,868,61
"499",4579,12,"VINER SOUND CREEK",68,1972,37500,39062.5,53766.0906070036,0.360302049362403,868,61
"500",4580,12,"VINER SOUND CREEK",68,1973,60000,67415.7303370787,16458.6353417569,-1.29349427795838,868,61
"501",4581,12,"VINER SOUND CREEK",68,1974,40000,46511.6279069767,13228.1927098744,-1.10652909077012,868,61
"502",4582,12,"VINER SOUND CREEK",68,1975,6000,6185.56701030928,12603.1045456829,0.742183706894242,868,61
"503",4583,12,"VINER SOUND CREEK",68,1976,55000,59782.6086956522,19463.4760801496,-1.03879349749178,868,61
"504",4584,12,"VINER SOUND CREEK",68,1977,9000,10000,14283.3763039744,0.461871787481216,868,61
"505",4585,12,"VINER SOUND CREEK",68,1978,8000,8163.26530612245,43531.7514779534,1.69404904918688,868,61
"506",4586,12,"VINER SOUND CREEK",68,1979,22000,24175.8241758242,26631.8016340104,0.19106359847913,868,61
"507",4587,12,"VINER SOUND CREEK",68,1980,14000,14285.7142857143,24377.5624766434,0.554605808990077,868,61
"508",4588,12,"VINER SOUND CREEK",68,1981,7500,7978.72340425532,46040.2749440744,1.81461353514577,868,61
"509",4589,12,"VINER SOUND CREEK",68,1982,48000,48484.8484848485,36606.0160972319,-0.270988409767228,868,61
"510",4590,12,"VINER SOUND CREEK",68,1983,25000,27472.5274725275,30476.1241861426,0.198067738617532,868,61
"511",4591,12,"VINER SOUND CREEK",68,1984,40000,40404.0404040404,25378.0294878493,-0.454995635194532,868,61
"512",4592,12,"VINER SOUND CREEK",68,1985,40000,40000,3826.80866609971,-2.34684824471333,868,61
"513",4593,12,"VINER SOUND CREEK",68,1986,21500,21938.7755102041,20102.0407325806,-0.0672315962381939,868,61
"514",4594,12,"VINER SOUND CREEK",68,1987,30000,31914.8936170213,2970.07307985367,-2.31261082313893,868,61
"515",4595,12,"VINER SOUND CREEK",68,1988,27000,27272.7272727273,6865.24094686822,-1.36936572953167,868,61
"516",4596,12,"VINER SOUND CREEK",68,1989,1200,1290.32258064516,1751.90895853866,0.378384470065635,868,61
"517",4597,12,"VINER SOUND CREEK",68,1990,18000,19354.8387096774,945.368521783385,-2.946552215262,868,61
"518",4598,12,"VINER SOUND CREEK",68,1991,4500,4838.70967741936,629.275434403723,-1.96726362237119,868,61
"519",4599,12,"VINER SOUND CREEK",68,1992,6400,6597.9381443299,719.418177636941,-2.18561047063101,868,61
"520",4600,12,"VINER SOUND CREEK",68,1993,1600,1758.24175824176,352.422143078756,-1.51292918106964,868,61
"521",4601,12,"VINER SOUND CREEK",68,1994,1007,1094.5652173913,1514.42544074928,0.408060506262387,868,61
"522",4602,12,"VINER SOUND CREEK",68,1995,725,788.04347826087,1060.59759764339,0.380416144753761,868,61
"523",4603,12,"VINER SOUND CREEK",68,1996,775,824.468085106383,1515.99504017756,0.670964265192935,868,61
"524",4604,12,"VINER SOUND CREEK",68,1997,97,102.105263157895,402.086320950483,1.42195581579727,868,61
"525",4605,12,"VINER SOUND CREEK",68,1998,1500,1530.61224489796,1031.58649138775,-0.374367207984914,868,61
"526",4606,12,"VINER SOUND CREEK",68,1999,1100,1157.89473684211,2306.14399858124,0.740266685271258,868,61
"527",4607,12,"VINER SOUND CREEK",68,2000,1600,1632.65306122449,1699.78048544194,0.0604954872683015,868,61
"528",4608,12,"VINER SOUND CREEK",68,2001,100,107.52688172043,7781.20569997946,4.35429639346749,868,61
"529",4609,12,"VINER SOUND CREEK",68,2002,1301,1327.55102040816,5846.14778066764,1.50264974577651,868,61
"530",4610,12,"VINER SOUND CREEK",68,2003,2241,2310.30927835052,2295.04754813399,0.0238313666202736,868,61
"531",4611,12,"VINER SOUND CREEK",68,2004,326,339.583333333333,4549.68607340188,2.6359161333413,868,61
"532",4612,12,"VINER SOUND CREEK",68,2005,9506,10221.5053763441,7665.79975894136,-0.215154332244921,868,61
"533",4613,12,"VINER SOUND CREEK",68,2006,5401,5685.26315789474,309.431640899356,-2.85960220233246,868,61
"534",4614,12,"VINER SOUND CREEK",68,2007,81,86.1702127659575,8453.70379828354,4.64791078896842,868,61
"535",4615,12,"VINER SOUND CREEK",68,2008,9162,9254.54545454545,9050.97944067692,-0.0121915181195088,868,61
"536",4616,12,"VINER SOUND CREEK",68,2009,4293,4380.61224489796,6871.54893907521,0.470403755781688,868,61
"537",4617,12,"VINER SOUND CREEK",68,2010,154,158.762886597938,4944.45292004085,3.46906900256858,868,61
"538",4618,12,"VINER SOUND CREEK",68,2011,3183,3215.15151515152,25440.5410026309,2.07851985577254,868,61
"539",4619,12,"VINER SOUND CREEK",68,2012,15039,15830.5263157895,21364.4710779862,0.351082485368559,868,61
"540",4620,12,"VINER SOUND CREEK",68,2013,5529,5641.83673469388,NA,NA,868,61
"541",4621,12,"VINER SOUND CREEK",68,2014,939,978.125,NA,NA,868,61
"542",4622,12,"VINER SOUND CREEK",68,2015,37046,38915.8679361253,NA,NA,868,61
"543",4623,12,"VINER SOUND CREEK",68,2016,11348,12164.1607363095,NA,NA,868,61
"544",4624,12,"VINER SOUND CREEK",68,2017,1320,1418.93225373056,NA,NA,868,61
"545",4693,12,"WAKEMAN RIVER",70,1950,NA,NA,NA,NA,874,63
"546",4694,12,"WAKEMAN RIVER",70,1951,NA,NA,8081.30747126437,NA,874,63
"547",4695,12,"WAKEMAN RIVER",70,1952,NA,NA,4866.9476744186,NA,874,63
"548",4696,12,"WAKEMAN RIVER",70,1953,15000,NA,3633.12661498708,-1.41795659711149,874,63
"549",4697,12,"WAKEMAN RIVER",70,1954,7500,8620.68965517241,3137.07617711341,-0.871611808200634,874,63
"550",4698,12,"WAKEMAN RIVER",70,1955,7500,8522.72727272727,6959.40826106055,-0.0748085697729028,874,63
"551",4699,12,"WAKEMAN RIVER",70,1956,3500,3888.88888888889,7744.75983104436,0.794253495343834,874,63
"552",4700,12,"WAKEMAN RIVER",70,1957,3500,4069.76744186047,6687.6039407702,0.647492686151049,874,63
"553",4701,12,"WAKEMAN RIVER",70,1958,3500,3723.40425531915,1174.61983716339,-1.09181841609019,874,63
"554",4702,12,"WAKEMAN RIVER",70,1959,7500,8152.17391304348,5378.50430048234,-0.332492696083572,874,63
"555",4703,12,"WAKEMAN RIVER",70,1960,7500,8241.75824175824,4248.75840544704,-0.568276220181926,874,63
"556",4704,12,"WAKEMAN RIVER",70,1961,3500,3932.58426966292,1389.9175389261,-0.923518547626131,874,63
"557",4705,12,"WAKEMAN RIVER",70,1962,3500,3804.34782608696,NA,NA,874,63
"558",4706,12,"WAKEMAN RIVER",70,1963,3500,3608.24742268041,NA,NA,874,63
"559",4707,12,"WAKEMAN RIVER",70,1964,3500,3888.88888888889,NA,NA,874,63
"560",4708,12,"WAKEMAN RIVER",70,1965,750,789.473684210526,NA,NA,874,63
"561",4709,12,"WAKEMAN RIVER",70,1966,750,757.575757575758,NA,NA,874,63
"562",4710,12,"WAKEMAN RIVER",70,1967,NA,NA,403.649753894737,NA,874,63
"563",4711,12,"WAKEMAN RIVER",70,1968,1500,1578.94736842105,11496.7819027528,2.03660205355681,874,63
"564",4712,12,"WAKEMAN RIVER",70,1969,NA,NA,21120.2156686939,NA,874,63
"565",4713,12,"WAKEMAN RIVER",70,1970,400,421.052631578947,5572.04313919406,2.63405252989995,874,63
"566",4714,12,"WAKEMAN RIVER",70,1971,400,449.438202247191,2154.59805890682,1.68389492244519,874,63
"567",4715,12,"WAKEMAN RIVER",70,1972,8000,8333.33333333333,3454.87745369154,-0.839654554353639,874,63
"568",4716,12,"WAKEMAN RIVER",70,1973,20000,22471.9101123596,1971.25186422064,-2.3170634685545,874,63
"569",4717,12,"WAKEMAN RIVER",70,1974,8000,9302.32558139535,7285.70330731031,-0.0935275648517202,874,63
"570",4718,12,"WAKEMAN RIVER",70,1975,400,412.371134020619,1348.1146566405,1.21499779760211,874,63
"571",4719,12,"WAKEMAN RIVER",70,1976,3500,3804.34782608696,573.293311662547,-1.80912077401436,874,63
"572",4720,12,"WAKEMAN RIVER",70,1977,1500,1666.66666666667,1021.70956672349,-0.383987838001978,874,63
"573",4721,12,"WAKEMAN RIVER",70,1978,8000,8163.26530612245,556.912402654863,-2.66478885943113,874,63
"574",4722,12,"WAKEMAN RIVER",70,1979,350,384.615384615385,335.946307853258,-0.040981805345105,874,63
"575",4723,12,"WAKEMAN RIVER",70,1980,500,510.204081632653,196.270286339021,-0.93511537722161,874,63
"576",4724,12,"WAKEMAN RIVER",70,1981,1000,1063.82978723404,332.035735048246,-1.10251268017047,874,63
"577",4725,12,"WAKEMAN RIVER",70,1982,400,404.040404040404,1353.11850571811,1.21870266460206,874,63
"578",4726,12,"WAKEMAN RIVER",70,1983,400,439.56043956044,698.420011657916,0.557356110583532,874,63
"579",4727,12,"WAKEMAN RIVER",70,1984,250,252.525252525253,4933.65203866725,2.98237385356775,874,63
"580",4728,12,"WAKEMAN RIVER",70,1985,120,120,12322.8455382649,4.63171843665124,874,63
"581",4729,12,"WAKEMAN RIVER",70,1986,1500,1530.61224489796,2847.73227688172,0.641057877119031,874,63
"582",4730,12,"WAKEMAN RIVER",70,1987,600,638.297872340426,499.079548310221,-0.184164156718577,874,63
"583",4731,12,"WAKEMAN RIVER",70,1988,300,303.030303030303,NA,NA,874,63
"584",4732,12,"WAKEMAN RIVER",70,1989,18000,19354.8387096774,NA,NA,874,63
"585",4733,12,"WAKEMAN RIVER",70,1990,50,53.7634408602151,NA,NA,874,63
"586",4734,12,"WAKEMAN RIVER",70,1991,1000,1075.2688172043,182.934635786401,-1.69862637144029,874,63
"587",4735,12,"WAKEMAN RIVER",70,1992,85,87.6288659793814,NA,NA,874,63
"588",4736,12,"WAKEMAN RIVER",70,1993,NA,NA,NA,NA,874,63
"589",4737,12,"WAKEMAN RIVER",70,1994,900,978.260869565217,NA,NA,874,63
"590",4738,12,"WAKEMAN RIVER",70,1995,118,128.260869565217,NA,NA,874,63
"591",4739,12,"WAKEMAN RIVER",70,1996,151,160.63829787234,NA,NA,874,63
"592",4740,12,"WAKEMAN RIVER",70,1997,NA,NA,1399.3021344108,NA,874,63
"593",4741,12,"WAKEMAN RIVER",70,1998,2500,2551.02040816327,5301.11024644207,0.751625547206721,874,63
"594",4742,12,"WAKEMAN RIVER",70,1999,NA,NA,2849.57196542883,NA,874,63
"595",4743,12,"WAKEMAN RIVER",70,2000,1837,1874.48979591837,598.293805512972,-1.12180713835264,874,63
"596",4744,12,"WAKEMAN RIVER",70,2001,351,377.41935483871,795.530599509398,0.818223089328816,874,63
"597",4745,12,"WAKEMAN RIVER",70,2002,7448,7600,11449.4596015011,0.429996992536251,874,63
"598",4746,12,"WAKEMAN RIVER",70,2003,1333,1374.22680412371,3993.01837681391,1.09711538913135,874,63
"599",4747,12,"WAKEMAN RIVER",70,2004,699,728.125,2991.01584327806,1.45371761336575,874,63
"600",4748,12,"WAKEMAN RIVER",70,2005,113,121.505376344086,4346.68789477662,3.6497816118559,874,63
"601",4749,12,"WAKEMAN RIVER",70,2006,13614,14330.5263157895,1394.32525719551,-2.27868806336473,874,63
"602",4750,12,"WAKEMAN RIVER",70,2007,821,873.404255319149,8349.04805865124,2.31937969694147,874,63
"603",4751,12,"WAKEMAN RIVER",70,2008,6094,6155.55555555556,2021.63664512055,-1.10339727684503,874,63
"604",4752,12,"WAKEMAN RIVER",70,2009,1580,1612.24489795918,2783.50114929136,0.566284694496791,874,63
"605",4753,12,"WAKEMAN RIVER",70,2010,2085,2149.48453608247,NA,NA,874,63
"606",4754,12,"WAKEMAN RIVER",70,2011,7049,7120.20202020202,NA,NA,874,63
"607",4755,12,"WAKEMAN RIVER",70,2012,2818,2966.31578947368,NA,NA,874,63
"608",4756,12,"WAKEMAN RIVER",70,2013,2827,2884.69387755102,NA,NA,874,63
"609",4757,12,"WAKEMAN RIVER",70,2014,350,364.583333333333,NA,NA,874,63
"610",4758,12,"WAKEMAN RIVER",70,2015,NA,NA,NA,NA,874,63
"611",4759,12,"WAKEMAN RIVER",70,2016,NA,NA,NA,NA,874,63
"612",4760,12,"WAKEMAN RIVER",70,2017,NA,NA,NA,NA,874,63
